udc_id,loc_info,value,name
50Y2CKL12AOFY8UC,SN01BKKN1,10Y1001A1001A48H,NO5
50Y5JPLVY8KMU0Y9,SK71,10Y1001A1001A48H,NO5
50YERAQDH1TRM1ZL,HAUGAL6,10Y1001A1001A48H,NO5
50YUCXAQADFOGTFJ,SN01VOSS1,10Y1001A1001A48H,NO5
50YX6F00RRCDOAKV,SK17,10Y1001A1001A48H,NO5
50YRBR0W97K0FFB6,HYDROAL2,10Y1001A1001A48H,NO5
50YFSA30AIVB09NT,HYDROEN7,10Y1001A1001A48H,NO5
50Y4P7G0GQK0M3SB,BKKP9 D,10Y1001A1001A48H,NO5
50YUETHL4LVP30DB,HALL1,10Y1001A1001A48H,NO5
50YYV2ABUV0E5O0A,SK61,10Y1001A1001A48H,NO5
50Y-AABJ1ZGH7DNR,AURL1,10Y1001A1001A48H,NO5
50Y18C0G-CR1SPKW,SOGNE1,10Y1001A1001A48H,NO5
50YKS0WCQ4EVQH6Z,NORE1,10Y1001A1001A48H,NO5
50Y013HNTAMLZ024,HEMSED1,10Y1001A1001A48H,NO5
50YD80JRSQVHBI6V,UVDAL1,10Y1001A1001A48H,NO5
50YHNBGFTXZSBHB6,ØFOLD3,10Y1001A1001A48H,NO5
50YC-7C9CR189BV3,ELKEM BJ1,10Y1001A1001A48H,NO5
50Y3IFD7GEYETYVC,SK46,10Y1001A1001A48H,NO5
50YFJ3JTN10BUD67,BKKP10 Ulvik,10Y1001A1001A48H,NO5
50YK1DZ108BH-069,MODALEN,10Y1001A1001A48H,NO5
50YG7S--Z0QKQEJU,ÅRDAL3,10Y1001A1001A48H,NO5
50Y806KF24Q59G7M,SK40,10Y1001A1001A48H,NO5
50Y5AYDXGP9PZT7T,GLITRE R3,10Y1001A1001A48H,NO5
50Y570F2MKB1CA2R,BKKP2 DALE,10Y1001A1001A48H,NO5
50YEDLOQJ2G9YIKA,HYDROAL3,10Y1001A1001A48H,NO5
50YDNIYVCP70-7F5,SK36,10Y1001A1001A48H,NO5
50YTALLZ12XGNG9R,HEV3 AURL,10Y1001A1001A48H,NO5
50YGEAL-AABJ1ZG7,SN11,10Y1001A1001A48H,NO5
50YFTXZSBHB4RT8M,ÅRDAL1,10Y1001A1001A48H,NO5
50Y06KAT4QWAA7SV,ØFOLD1,10Y1001A1001A48H,NO5
50YXJGCOFEJSDD9P,LÆRDAL1,10Y1001A1001A48H,NO5
50YB3EUUFGRDNCQB,SKAGK1,10Y1001A1001A48H,NO5
50YFDY3326KQWDPO,ØFOLD4,10Y1001A1001A48H,NO5
50YCBIGCBQDXVFCJ,SK44,10Y1001A1001A48H,NO5
50YK95649Y18F01O,BKKN1,10Y1001A1001A48H,NO5
50Y7IG8DNEE3UFSC,KVAM2,10Y1001A1001A48H,NO5
50Y13TNTALLZ12XG,GLITRE R4,10Y1001A1001A48H,NO5
50Y-Z0QKQEJIWZ1Z,ØFOLD2,10Y1001A1001A48H,NO5
50YEKD6TVBTX6FRS,BKKP7 SAMN,10Y1001A1001A48H,NO5
50Y7Q1NT7E5QLMKX,SFE3,10Y1001A1001A48H,NO5
50YW7HZD80JRSQVJ,SK37,10Y1001A1001A48H,NO5
50YUTD9LCBGPAA5U,SK39,10Y1001A1001A48H,NO5
50YBHOBGFUXZSBHS,BKKP3 STEINSL,10Y1001A1001A48H,NO5
50Y-FY1BDW5WK5IW,BKKP8 R,10Y1001A1001A48H,NO5
50YWZ1VEKD6TVBTU,BKKN2,10Y1001A1001A48H,NO5
50Y09NI57T7CCAVM,HARD1,10Y1001A1001A48H,NO5
50YQ4B2NIJIMG9GG,SN14,10Y1001A1001A48H,NO5
50YK0YFRAFCFIVB7,BKKP4 EVANG,10Y1001A1001A48H,NO5
50YHY2WEAAGD7DCH,SK35,10Y1001A1001A48H,NO5
50YH88--EMXCTBWN,BKKP6 MYSTER,10Y1001A1001A48H,NO5
50Y-0Z1EKQEJIW-P,SK45,10Y1001A1001A48H,NO5
50YFCPBKPMW89LMV,KVAM1,10Y1001A1001A48H,NO5
50YD717RC1DGCBRP,LUSTER1,10Y1001A1001A48H,NO5
50Y125-DQJCZ0AZ0,ÅRDAL2,10Y1001A1001A48H,NO5
50Y3EDLOQJ2G9YIM,BKKP1 NYGARD,10Y1001A1001A48H,NO5
50Y1HLYVFRBBS-85,BKKP5 MATRE,10Y1001A1001A48H,NO5
50YD8FIKDZF3SOEN,SN8,10Y1001A1001A48H,NO5
50Y7E5QLMKPCCC0W,SN9,10Y1001A1001A48H,NO5
50YMLZQTL4NB9WMP,HEV1 HALL,10Y1001A1001A48H,NO5
50YTBW9C971AFSEY,EQUINOR1,10Y1001A1001A48H,NO5
50YRT8QU3DO-PD0S,GLITRE D2,10Y1001A1001A48H,NO5
50Y-CC8CR1D9AVRE,JBV4,10Y1001A1001A48H,NO5
50YMGD-DNIYVCP7J,JBV5,10Y1001A1001A48H,NO5
50YZSOZBH-PXFAUA,NNAS ASKØY,10Y1001A1001A48H,NO5
50Y57T7CCAV0013S,SMKN1,10Y1001A1001A48H,NO5
50YCS7HCAV0013T5,SMKN4,10Y1001A1001A48H,NO5
50YPCDC0BBILOG11,VOSS1,10Y1001A1001A48H,NO5
50YH5GGNQTL4BB-N,EQUINOR6,10Y1001A1001A48H,NO5
50YOEWOFS0MLA5M8,SFEPN1,10Y1001A1001A48H,NO5
50YP-ZBEG9O0VH8J,SFE2,10Y1001A1001A48H,NO5
50YZEW0ACV3VJ4HS,SN01HALL1,10Y1001A1001A48H,NO5
50YGEZ4537XRXEQ1,SN01EIDSIVAD,10YNO-1--------2,NO1
50YLFMQSL4MB-WMC,SNMAGASINET,10YNO-1--------2,NO1
50YGFMDGGVA1-KG3,SN01GLITRED1,10YNO-1--------2,NO1
50YPCGLIAF00FNY6,SN01VOKKS1,10YNO-1--------2,NO1
50YDJ-4YGCCBF9FW,SNMETROS,10YNO-1--------2,NO1
50Y0B-1DGY7ZN8KB,SN01HAFSL1,10YNO-1--------2,NO1
50YCN9DJF7CZZDKC,SNLILLESTROMT,10YNO-1--------2,NO1
50YMCULDQZJJF3KS,NOTOD2,10YNO-1--------2,NO1
50YPHGLUFEAARZ7Z,SNGULSKOGENS,10YNO-1--------2,NO1
50YMBCCBF-39T116,SN01FON1,10YNO-1--------2,NO1
50YFSCRFI2VSN00K,SNSTRVKNGBRG,10YNO-1--------2,NO1
50YDGY7ZN8KJ5S4E,SN01NØSTERD1,10YNO-1--------2,NO1
50YQ9HSIFAQO5T0G,SN01RINGER1,10YNO-1--------2,NO1
50YXBC9UQRPUGAGA,SNMAXISS,10YNO-1--------2,NO1
50Y8JOVMBCCBF-3D,SN01FREDR1,10YNO-1--------2,NO1
50YAAGD7DCRCBIGO,TRØGST1,10YNO-1--------2,NO1
50YCOPYG1IWFK057,GLITRE D1,10YNO-1--------2,NO1
50YGGB1G-8E5D7BY,EIDSIVA-R,10YNO-1--------2,NO1
50YGD-PNHYVCO7CJ,VANG1,10YNO-1--------2,NO1
50YEXY4C8R2BT72T,BRG1,10YNO-1--------2,NO1
50YNTAMLZ02YANH4,SAUGB1,10YNO-1--------2,NO1
50YYCCAVRRQUHNTV,GLITRE R1,10YNO-1--------2,NO1
50YRAFCFIVBCEMIH,ROLLAG1,10YNO-1--------2,NO1
50YFETG-MIFRIAMA,HEV2 SOLB,10YNO-1--------2,NO1
50Y1CE65XL6JU3Q7,NNAS FREDR,10YNO-1--------2,NO1
50Y2VA2X6F00RRCT,HAFSL1,10YNO-1--------2,NO1
50YX5DEXY3H7Q1NC,SN16,10YNO-1--------2,NO1
50Y8EXMUC8RSBTYY,HØLSET1,10YNO-1--------2,NO1
50YDNEE3UFS0CZBP,SK41,10YNO-1--------2,NO1
50YWO-6UUIJ4BF1D,EIDSIVA-D,10YNO-1--------2,NO1
50YWCGS0AMA5M326,NØSTERD1,10YNO-1--------2,NO1
50YJ2G9YIK1HMY4Q,FLESB1,10YNO-1--------2,NO1
50YF2GCFETG-MIFT,SAURD1,10YNO-1--------2,NO1
50YTXA640FCP5KPV,GE1,10YNO-1--------2,NO1
50YP65NDMGD-DNIE,ØEIKER1,10YNO-1--------2,NO1
50YTBJJIMGAG-88J,SK57,10YNO-1--------2,NO1
50Y1DN1BD4PXYW-C,VOKKS1,10YNO-1--------2,NO1
50Y3E31ZC9MFHNJ3,RINGER1,10YNO-1--------2,NO1
50YGZGE5YD5-9B3R,SN17,10YNO-1--------2,NO1
50YQL0YFSA30AIVK,GLITRE D4,10YNO-1--------2,NO1
50Y-DNIYJ0PY0-73,KRØD1,10YNO-1--------2,NO1
50YLBGAJH0AW0Y5B,STANGE1,10YNO-1--------2,NO1
50Y6GCP57FHC1DN0,VALDRES1,10YNO-1--------2,NO1
50Y26E4PXYW0BHOE,RAKKE1,10YNO-1--------2,NO1
50YBJUGQFT6M6GA8,JBV1,10YNO-1--------2,NO1
50YDGCBR1XJACOAG,HURUM1,10YNO-1--------2,NO1
50YEBDMK1DZ108B3,NNAS FOLLO,10YNO-1--------2,NO1
50YTYV25BUV195OX,MNBUS1,10YNO-1--------2,NO1
50Y56IKSAWCQGEVI,RØROS1,10YNO-1--------2,NO1
50YDALCBGQAA6XBR,KEA1,10YNO-1--------2,NO1
50YI6BAOSUN6CD18,SNSATRIUM,10YNO-1--------2,NO1
50YBV43ADGGV51N5,SN01ØEIKER1,10YNO-1--------2,NO1
50YAL7BGP5A6XBUV,HEV5 KONG,10YNO-1--------2,NO1
50Y8R01DACCR1YK0,HEV4 REND,10YNO-1--------2,NO1
50YCN9DJS7C8ZDXH,SNRORTUNET,10YNO-1--------2,NO1
50Y1B-1DFY7ZM8KA,HEV7 HARP,10YNO-1--------2,NO1
50Y5BUV195O1FQ49,SK52,10YNO-2--------T,NO2
50YN0B00W96JCEKZ,SK23,10YNO-2--------T,NO2
50YDBS-QFBBAE171,SK24,10YNO-2--------T,NO2
50Y8O8BDMJ1DZSO9,HYDROEN3,10YNO-2--------T,NO2
50YVFCNFEJSDD88E,MTEL1,10YNO-2--------T,NO2
50Y6XBUTF1E25L67,ODDA2,10YNO-2--------T,NO2
50Y-7FS806KF24QR,KRAGERØ1,10YNO-2--------T,NO2
50Y0AZ0C9X6LL6EX,SK60,10YNO-2--------T,NO2
50YF01E570F2MKBM,SN19,10YNO-2--------T,NO2
50YEG9OAVHDALCB2,SKAGN1,10YNO-2--------T,NO2
50YG8OAUTD9LCBGK,SK38B,10YNO-2--------T,NO2
50YN124-C1JC80GY,HAUGAL9,10YNO-2--------T,NO2
50Y2A58OEBDMK1DF,FITJAR1,10YNO-2--------T,NO2
50YFEJSDD88QX5NG,SK54,10YNO-2--------T,NO2
50Y6ANDMGD-PNHY3,HYDROAL6,10YNO-2--------T,NO2
50YZC-B3DBEIX7EX,HYDROEN4,10YNO-2--------T,NO2
50YRGBS98QGPCG02,FUSA1,10YNO-2--------T,NO2
50YVL0UMY5SSHCTU,EQUINOR5,10YNO-2--------T,NO2
50YCHY2WEAAGD713,GLITRE D3,10YNO-2--------T,NO2
50YBFAJG0MW0X5D8,SK58,10YNO-2--------T,NO2
50Y0G81CE65XXBJB,SAUDEF1,10YNO-2--------T,NO2
50YJDAXMKFVS9M4X,TINN1,10YNO-2--------T,NO2
50YTDDKBDDSFZXHF,SNTASTASENTER,10YNO-2--------T,NO2
50YVEKE7UWBTX63O,SK50,10YNO-2--------T,NO2
50YKF24QV9G7SOOW,SKAGK2,10YNO-2--------T,NO2
50Y003TZ2AXX811M,SN12,10YNO-2--------T,NO2
50YA4AUF2GCFETGA,SK22,10YNO-2--------T,NO2
50YF24Q59G7S-0ZZ,AUSTEV1,10YNO-2--------T,NO2
50YBZ8NN9GK6G5JE,SN01AEN2DN,10YNO-2--------T,NO2
50Y3O6FQFDFOL2RQ,SNSANDENS,10YNO-2--------T,NO2
50YQAA6XBU3F1E22,HAUGAL2,10YNO-2--------T,NO2
50Y0BNCK20HI8JO5,SN01KLEPP1,10YNO-2--------T,NO2
50YDPGOCG1SQK0YG,RAUL1,10YNO-2--------T,NO2
50YSBTY2VDLMKP68,SNFARSTREDET,10YNO-2--------T,NO2
50YREKQ2JIWNQI2B,SKAGN3,10YNO-2--------T,NO2
50YGYIXLO8PZT64N,GASSCO1,10YNO-2--------T,NO2
50YHDDCGA4AUF2GK,GLITRE R2,10YNO-2--------T,NO2
50YVCP70-7FS806D,ALCOA1,10YNO-2--------T,NO2
50Y30AIV109NI571,DRANGE1,10YNO-2--------T,NO2
50YUC8RSBTY2WEMN,OTRA2,10YNO-2--------T,NO2
50Y7BD6L8SEA7IGN,SK38A,10YNO-2--------T,NO2
50YT11FBEDS3ZLCW,SN01SKAGN3,10YNO-2--------T,NO2
50YYEW-9BU3UI3GF,HAUGAL1,10YNO-2--------T,NO2
50YD7BRHEGPM4G1L,TITANIA1,10YNO-2--------T,NO2
50Y3CU83XFNNMQD8,HAUGAL7,10YNO-2--------T,NO2
50Y9B32UUFGRDNC1,OTRA1,10YNO-2--------T,NO2
50YO07IUJEVCBSCT,VTELE2,10YNO-2--------T,NO2
50YCOAEJS8D8ZDX8,AEN3 DN,10YNO-2--------T,NO2
50YAVAFFDY3326KU,SK55,10YNO-2--------T,NO2
50YGFUXZSBHB4RTL,RINGER2,10YNO-2--------T,NO2
50YCEKGR33FHP7TM,HYDROEN1,10YNO-2--------T,NO2
50YDGJY9FAI0YEGH,SK64,10YNO-2--------T,NO2
50YC9X6LL6EI4E37,AEN4 BROK,10YNO-2--------T,NO2
50Y7DNUK95649Y1B,SN15,10YNO-2--------T,NO2
50Y0GG18C0G-CRBP,SK56,10YNO-2--------T,NO2
50YABKF2GP4EG7SW,VTELE1,10YNO-2--------T,NO2
50YFF2JDKOQJ2L9X,NOTOD1,10YNO-2--------T,NO2
50Y5D--B24-C1JHP,AEN2 DN,10YNO-2--------T,NO2
50YAVHDALCBGQAAI,TINFO1,10YNO-2--------T,NO2
50YOPNSFFF3EDLOJ,FINNÅS1,10YNO-2--------T,NO2
50YEDA404O-ZADGU,HYDROASA1,10YNO-2--------T,NO2
50Y811XGZGE5YD57,ODDA1,10YNO-2--------T,NO2
50YWL1VNZ5TTHCT5,CLEMENS2,10YNO-2--------T,NO2
50YSDO88PX5N1M40,KLEPP1,10YNO-2--------T,NO2
50YVH8AL7BHE5AX0,HYDROEN2,10YNO-2--------T,NO2
50Y3NZY9CF7N-TFZ,SK72,10YNO-2--------T,NO2
50Y6FR0SF1DC0L-D,ERAM KVIN,10YNO-2--------T,NO2
50YH5AGNQTL5BB-A,AEN1 RN,10YNO-2--------T,NO2
50YCZB13IFD7GEYO,LYSEN1,10YNO-2--------T,NO2
50YAPSUN6PD1YO3A,SN01LYSEN1,10YNO-2--------T,NO2
50YXGP9PZT7VC-7A,SIRAKP1,10YNO-2--------T,NO2
50YSZ-6KF24QV9GW,KVINN1,10YNO-2--------T,NO2
50Y7DCRCBIGCBQDJ,LYSEP1,10YNO-2--------T,NO2
50YFJV1DPD8P65N2,HYDROEN6,10YNO-2--------T,NO2
50YW97K0FFBFU4G0,HYDROEN5,10YNO-2--------T,NO2
50YQI2K87UJ1TLX1,LYSEP2,10YNO-2--------T,NO2
50YELC1--Z0QW1EG,HAUGAL3,10YNO-2--------T,NO2
50YZG1EIFC7GEYJY,SK53,10YNO-2--------T,NO2
50YSAWCQGEV0TBEX,HAUGAL8,10YNO-2--------T,NO2
50YF1C0FUEV1ZC-6,ODDA3,10YNO-2--------T,NO2
50YJ3D8H9MFHMJTV,HAUGAL4,10YNO-2--------T,NO2
50YXAKFVSAM50X4J,SN13,10YNO-2--------T,NO2
50YOAK9N0B00W96R,HERØYA1,10YNO-2--------T,NO2
50YEMMLPCDC0BBIL,SK21,10YNO-2--------T,NO2
50YJH0AW0Y58EXYZ,ULEFO1,10YNO-2--------T,NO2
50YASGV8N8BCLERK,SNNORBYEN,10YNO-2--------T,NO2
50YBV05P-ZBEG9OT,HJARTDAL1,10YNO-2--------T,NO2
50YW1EVU5Z1UDWDZ,FORSAND1,10YNO-2--------T,NO2
50YQ6Y3HC11N26EC,SN18,10YNO-2--------T,NO2
50YL0IMY4GSHCT96,AEN5 RN,10YNO-2--------T,NO2
50YJS8D8ZDXWB2AT,HYDROAL4,10YNO-2--------T,NO2
50YCPAKPMW8ELMVH,JÆREN1,10YNO-2--------T,NO2
50YUD63DLYE3CQLA,SK51,10YNO-2--------T,NO2
50Y16W15D--B24-9,JBV3,10YNO-2--------T,NO2
50YWEMMLP6DC0BBV,JBV2,10YNO-2--------T,NO2
50YH9MFHMJT5BIJZ,HAUGAL5,10YNO-2--------T,NO2
50YEMI5CS7HCAV0Z,DALANE1,10YNO-2--------T,NO2
50YCO7C9CFS8ABKD,TYSNES1,10YNO-2--------T,NO2
50YEIXYEFG0K7E4R,ETNE1,10YNO-2--------T,NO2
50Y8S10EBDDS2ZLH,SN20,10YNO-2--------T,NO2
50YB1BAHKNG1C6UW,SN21,10YNO-2--------T,NO2
50YL9EDRUXP9FF1K,ELKEM FI1,10YNO-2--------T,NO2
50Y-Q5ZR0AXXMAYO,SNGMLSTR12,10YNO-3--------J,NO3
50Y4E3HXAX41F0D0,SK8,10YNO-3--------J,NO3
50YANHAWZEW-96U4,HYDROAL1,10YNO-3--------J,NO3
50YIJ4BF1C0FUEV4,HYDROAL5,10YNO-3--------J,NO3
50YL7BHE5AXXBJUY,SKJÅK1,10YNO-3--------J,NO3
50Y1YC9M3HNJTW61,NVEST1,10YNO-3--------J,NO3
50YYF0AFCFUVBCDH,SK11,10YNO-3--------J,NO3
50YDDADS2EACXSFY,NESSET1,10YNO-3--------J,NO3
50YPXYW0BHOBGFU7,SN6,10YNO-3--------J,NO3
50YJGRIAMVGGC0H7,SNHOVDING,10YNO-3--------J,NO3
50YBEDS3ZLCEPCGI,SN01TEN1,10YNO-3--------J,NO3
50YAILNG1I6VRHZB,SVORKA1,10YNO-3--------J,NO3
50YSBGDGJWCDFNJ1,SNMLDTRGT,10YNO-3--------J,NO3
50YNHYVCO7C9CFSA,TEN2,10YNO-3--------J,NO3
50Y0X4DQ6Y3HC11B,OPPDAL1,10YNO-3--------J,NO3
50YWZEW-96U3IJ4S,NTE2,10YNO-3--------J,NO3
50YDA404O9ZAEG9T,SYKKYLV1,10YNO-3--------J,NO3
50Y4RT8QU41O-DDF,CLEMENS1,10YNO-3--------J,NO3
50YTQ-CIPRZACVXX,SN01ISTAD1,10YNO-3--------J,NO3
50YUUFGRDNCQ3E34,SN4,10YNO-3--------J,NO3
50YYBZ50GER7MFB3,SN01SVORKA1,10YNO-3--------J,NO3
50YT4QWAA7SOPNSC,NØSTERD2,10YNO-3--------J,NO3
50Y-Q5-R1AYXMAY0,SK65,10YNO-3--------J,NO3
50YO0VH7AL7BGP59,NTE1,10YNO-3--------J,NO3
50YCNAEJS8D8ZDXK,SK73,10YNO-3--------J,NO3
50YK1IMY4GSGBS9J,TEN3,10YNO-3--------J,NO3
50YNDCT-QFBCAF1B,ISTAD1,10YNO-3--------J,NO3
50YD2GWGW30E1C5R,SK67,10YNO-3--------J,NO3
50Y0EU2USN0-B3DA,ELKEM TH1,10YNO-3--------J,NO3
50YJ2ALBFAJG0MWG,SK62,10YNO-3--------J,NO3
50YZJYMP9PZU74IY,SNMNE1,10YNO-3--------J,NO3
50Y0461ERLE00B-B,SN01MØRE1,10YNO-3--------J,NO3
50YPMW8ELMVD8RTW,SK25,10YNO-3--------J,NO3
50YO-DD05AYDXGP1,SUNNDAL1,10YNO-3--------J,NO3
50Y4F26BF0CRRCDE,SFE1,10YNO-3--------J,NO3
50YDOS-QFGHFK17L,RAUMA1,10YNO-3--------J,NO3
50YMIFRIAMVGGB13,SK26,10YNO-3--------J,NO3
50YJMZFAIRM9GXBI,SN01SUNNFJD1,10YNO-3--------J,NO3
50YILDZA3SCEWCG0,SK6,10YNO-3--------J,NO3
50YBLTJ84537X07F,SK68,10YNO-3--------J,NO3
50YZSBHB4RT8QU4V,EQUINOR3,10YNO-3--------J,NO3
50YCDYUAB17HOF4W,SK7,10YNO-3--------J,NO3
50YX63R0GG18C0GD,MØRE1,10YNO-3--------J,NO3
50YC9N3IBEIX7JFB,FOSEN1,10YNO-3--------J,NO3
50YK05ZHDDCGA4AK,SUNNFJD1,10YNO-3--------J,NO3
50YCA2FH88--EMXQ,SN5,10YNO-3--------J,NO3
50YL16-IEEDHBAGG,SN01ORKDAL1,10YNO-3--------J,NO3
50YFY1B8W5KK5DH5,SK66,10YNO-3--------J,NO3
50YIG8DMEE33KR19,SK42,10YNO-3--------J,NO3
50YVRHZRIV1POD8W,STRYN1,10YNO-3--------J,NO3
50Y98QGPCG0GQL0T,NEAS1,10YNO-3--------J,NO3
50YP4MQ09KWLGXEF,SNMNE2,10YNO-3--------J,NO3
50Y0BEK019BDW7HG,TEN1,10YNO-3--------J,NO3
50YBTFCPYDIE2J0K,SNMLDMLLE,10YNO-3--------J,NO3
50YLN2KO07IUJEV5,SK43,10YNO-3--------J,NO3
50Y8PX5N1M4D-DNC,SANDØY1,10YNO-3--------J,NO3
50Y0AMA5M32KAJDM,SK9,10YNO-3--------J,NO3
50YWDPO125-DQJCE,SK59,10YNO-3--------J,NO3
50YQ18WVKFWDHUDW,SN01NEAS1,10YNO-3--------J,NO3
50YYJ0PY0-7FSZ-2,SHELL1,10YNO-3--------J,NO3
50YFP4EG6RZ-Y0QQ,SNMLDHLLN,10YNO-3--------J,NO3
50YGK4WUP21CWEDW,SN01NTE1,10YNO-3--------J,NO3
50YD1CCJMPH0E7WM,SNBLGN,10YNO-3--------J,NO3
50YX65DGIBX71QAJ,SK69,10YNO-3--------J,NO3
50YAJDAXAKFVSAM4,NSSKOGN1,10YNO-3--------J,NO3
50YOGS0MLA5M3EKY,SUNNFJD2,10YNO-3--------J,NO3
50Y6ZE5-AC33VJ4U,SK70,10YNO-3--------J,NO3
50YEJGQ2FFHP72LD,SK10,10YNO-3--------J,NO3
50YRC1DGCBRDXJG4,EIDEF1,10YNO-3--------J,NO3
50YSPZBCOPYG1IWV,STRANDA1,10YNO-3--------J,NO3
50YGQFT6A640FCPA,BKKNH1,10YNO-3--------J,NO3
50Y1JH80G81CE658,JBV7,10YNO-3--------J,NO3
50Y4FKRH6EFDBV0I,ORKDAL1,10YNO-3--------J,NO3
50YLNG1D6VFHZFJ1,JBV6,10YNO-3--------J,NO3
50YBQDXVFCNFEJSJ,VADHEIM1,10YNO-3--------J,NO3
50YTK9AAGD717R0D,SODVIN1,10YNO-3--------J,NO3
50Y108BH-06FBU4J,GAULD1,10YNO-3--------J,NO3
50YC0BAILNG1D6V8,SN01NTE2,10YNO-3--------J,NO3
50YF3EDLOQJ2G9Y7,SN01SFE1,10YNO-3--------J,NO3
50YNCQ3J3D8H9MFL,SK74,10YNO-3--------J,NO3
50YB8JB9FOGF4VGI,TEK1,10YNO-3--------J,NO3
50Y1LXW7AD5LYRDU,BKKP11 KJØSN,10YNO-3--------J,NO3
50Y8S01EACCR2YKC,TEK2,10YNO-3--------J,NO3
50YAV0X47DWY3C73,TEK3,10YNO-3--------J,NO3
50YSGLKY01XGMG88,MØRE2,10YNO-3--------J,NO3
50YZEBJG0675ANTE,SNCITYX,10YNO-3--------J,NO3
50YEX5B2A58OEBDO,MELØY1,10YNO-4--------9,NO4
50YSOONREKQ2JIWX,LUOST1,10YNO-4--------9,NO4
50YNG9WYEW-9BU37,ELKEM SI1,10YNO-4--------9,NO4
50YBEEDA4AGO98FG,SK29,10YNO-4--------9,NO4
50Y0PZ1-8GH-06KI,NLANDSN1,10YNO-4--------9,NO4
50YI3GF1O0QUEU16,ISE1,10YNO-4--------9,NO4
50YXGZG95YD5Z9BW,NORDKR6,10YNO-4--------9,NO4
50YDLYE3CQL8AVAV,YMBER4,10YNO-4--------9,NO4
50YCRBS1W9YF0AF5,NORDKR5,10YNO-4--------9,NO4
50YXAX41F0D6GEAG,ANDØY1,10YNO-4--------9,NO4
50Y-QFBCAF1Y2L6K,SK32,10YNO-4--------9,NO4
50Y2UI3GR1N0QUER,NLANDSN2,10YNO-4--------9,NO4
50YIBEIX7JFG0WC3,NORDKR4,10YNO-4--------9,NO4
50YSPK-YF0AFCFU2,MIP1,10YNO-4--------9,NO4
50YKRI72316VPWCJ,FINNF1,10YNO-4--------9,NO4
50Y5S4VYBZ50GER6,SN01LOFOT1,10YNO-4--------9,NO4
50YEECXSTRWJCJ7W,SN01HELGEL1,10YNO-4--------9,NO4
50Y-8E5D7BRHEGPN,SK3,10YNO-4--------9,NO4
50YD88QX5N1M4DO1,VÅLSK1,10YNO-4--------9,NO4
50YBD4PXYW-NHNBA,YMBER1,10YNO-4--------9,NO4
50YG0MW0X5DEXY3M,SK5A,10YNO-4--------9,NO4
50YCFS8ABKF2GP45,YMBER2,10YNO-4--------9,NO4
50Y1003TMTAXKZ1E,NORDKR2,10YNO-4--------9,NO4
50YBDMJ0PZ1-8GH3,YARA1,10YNO-4--------9,NO4
50YG0XDE4AKRI72D,HÅLOG1,10YNO-4--------9,NO4
50YXY3H7Q1NT7E5K,SN1,10YNO-4--------9,NO4
50YCCC0GAILNG1IK,SN3,10YNO-4--------9,NO4
50Y9G7S-0Z1EKQEJ,LOFOT1,10YNO-4--------9,NO4
50YLMKPCCC0GAIL5,SN2,10YNO-4--------9,NO4
50Y6P0-BFAAP1WIK,SN01HALOG1,10YNO-4--------9,NO4
50YJBNWHHDDU09RN,SN01NORDKR1,10YNO-4--------9,NO4
50YXEQP0461ERLEY,SN01ALTA1,10YNO-4--------9,NO4
50YU5Z1UDWDB2VA4,SK1,10YNO-4--------9,NO4
50Y2L9YUK1TLY4RT,ALCOA2,10YNO-4--------9,NO4
50YDZFTCHY2WEAA8,KVÆN1,10YNO-4--------9,NO4
50YMFBM0BNCK20HO,SN01NLANDSN1,10YNO-4--------9,NO4
50YAA56NU2K1J2AJ,SK48,10YNO-4--------9,NO4
50YBI6AGORTM5BCV,SK4,10YNO-4--------9,NO4
50YQFT6M6GAKCPAW,SK12,10YNO-4--------9,NO4
50YXBU3F1E25LBGK,TROMS1,10YNO-4--------9,NO4
50YNU2K1J2ALBFA1,SK49,10YNO-4--------9,NO4
50YE3BCAFSY2MXW1,NSALTEN1,10YNO-4--------9,NO4
50YPNSEFF2JDKOQ0,ÅBJØRA1,10YNO-4--------9,NO4
50YA5OQGEV1TBEER,SK2,10YNO-4--------9,NO4
50YTMJT5BUJSA5O9,SK63,10YNO-4--------9,NO4
50YGORTM5BC0LN20,VARNG1,10YNO-4--------9,NO4
50YLMVD8RTBHY2WU,TINFO2,10YNO-4--------9,NO4
50YR33FHP7TGNDCO,SK28,10YNO-4--------9,NO4
50YX5N1M4DODBDMX,NORDKR1,10YNO-4--------9,NO4
50YFFF3EDLOQJ2GX,NORDKR3,10YNO-4--------9,NO4
50YWZ9LMV1ZFT6HK,HAMM1,10YNO-4--------9,NO4
50YG1I6VRHZRIV1N,EQUINOR4,10YNO-4--------9,NO4
50YDPD8P65NDMGD3,SK31,10YNO-4--------9,NO4
50Y4G140BEK019BB,SK33,10YNO-4--------9,NO4
50YOG1D6VFHZFJV8,SK27,10YNO-4--------9,NO4
50Y7Q10CGBBQ0XJC,SNJEKTA,10YNO-4--------9,NO4
50YA4AGO98FDG8OQ,SK30,10YNO-4--------9,NO4
50Y6VFHZFJV1DPD4,YMBER3,10YNO-4--------9,NO4
50Y1W9YF0AFCFU4J,SK5B,10YNO-4--------9,NO4
50YBD6LZSE57I49Q,REPVÅG1,10YNO-4--------9,NO4
50Y-88FILDZA3SCO,NKYN1,10YNO-4--------9,NO4
50YPFXPHT1NNB6NF,NTE4,10YNO-4--------9,NO4
50YC8R2BT72WEMM7,VARNG2,10YNO-4--------9,NO4
50YQEIHWZ0UDKD6V,ALTA1,10YNO-4--------9,NO4
50YFU4BCDYUAB17T,NSALTEN2,10YNO-4--------9,NO4
50Y1JUU58B3IWPBF,NTE3,10YNO-4--------9,NO4
50YBSCSFJ3JTN100,SK47,10YNO-4--------9,NO4
50YEW05YGOPNS9FC,BINDAL1,10YNO-4--------9,NO4
50YIV1POD8P6ANDW,TROLLF1,10YNO-4--------9,NO4
50Y2L6W7BD6L8SET,JBV8,10YNO-4--------9,NO4
50YEG04ELC1--Z0U,EVENES1,10YNO-4--------9,NO4
50YAFSY2MXW8BD6S,SMKN2,10YNO-4--------9,NO4
50YOF41003TZ2AXF,SMKN3,10YNO-4--------9,NO4
50YG6HF7DMDD2TEG,TINFO4,10YNO-4--------9,NO4
50YGBS9DPGOCG1SM,BALL1,10YNO-4--------9,NO4
50YWA5YGOPNSFFFV,HELGEL1,10YNO-4--------9,NO4
50Y3NYY9CF7M-TFE,NKMAG1,10YNO-4--------9,NO4
50YFBNEDIRCC8YCJ,SN01TKN1,10YNO-4--------9,NO4
50YOEWOGS0MMA5MV,HÅLOG5,10YNO-4--------9,NO4
50YYO3YQ18WWKFWI,SNBARDU1,10YNO-4--------9,NO4
